Model,Hidden Layers,Hidden Units,Change,Best Validation Accuracy,Best Epoch,Test Accuracy
One Hidden Layer,1,16,Architecture,88.9299988746643,5,
Baseline - 2 Layers,2,"16, 16",Baseline,89.1700029373169,4,86.25199794769287
Three Hidden Layers,3,"16, 16, 16",Architecture,89.03999924659729,4,86.87599897384644
32 Units,2,"32, 32",Units,88.96999955177307,3,86.78399920463562
64 Units,2,"64, 64",Units,89.06999826431274,3,86.86400055885315
MSE Loss,2,"16, 16",MSE Loss,88.73000144958496,4,87.69199848175049
Tanh Activation,2,"16, 16",Tanh,88.88000249862671,3,86.19999885559082
Dropout 0.2,2,"16, 16",Dropout,88.80000114440918,6,87.11199760437012
Dropout 0.5,2,"16, 16",Dropout,88.80000114440918,6,88.08799982070923
L2 Regularization,2,"16, 16",L2,88.88000249862671,4,86.5880012512207
